City_ID,City,Country,Date,Lat,Lng,Max Temp,Humidity,Cloudiness,Wind Speed
0,Mbini,GQ,2022-03-31 21:26:33,1.574,9.6134,300.22,83,95,1.63
1,Port Elizabeth,ZA,2022-03-31 21:22:09,-33.918,25.5701,292.31,80,100,5.66
2,Busselton,AU,2022-03-31 21:26:33,-33.65,115.3333,294.23,73,2,4.86
3,Zhigansk,RU,2022-03-31 21:26:33,66.7697,123.3711,260.56,94,99,7.73
4,Vaini,TO,2022-03-31 21:26:34,-21.2,-175.2,301.24,83,40,2.57
5,Atuona,PF,2022-03-31 21:26:34,-9.8,-139.0333,299.07,74,7,3.45
6,Hobart,AU,2022-03-31 21:25:04,-42.8794,147.3294,285.07,75,100,3.6
7,Hilo,US,2022-03-31 21:26:35,19.7297,-155.09,300.0,75,40,4.63
8,Hami,CN,2022-03-31 21:26:35,42.8,93.45,279.67,24,0,3.4
9,Samarai,PG,2022-03-31 21:26:35,-10.6167,150.6667,300.75,80,100,5.76
10,Saint-Joseph,RE,2022-03-31 21:21:43,-21.3667,55.6167,297.36,78,86,5.52
11,Mesimerion,GR,2022-03-31 21:26:36,40.412,23.0059,289.73,67,40,6.69
12,Methala,IN,2022-03-31 21:26:36,10.2166,76.2166,299.15,89,97,0.13
13,Los Llanos De Aridane,ES,2022-03-31 21:26:36,28.6585,-17.9182,289.01,80,40,3.6
14,Ushuaia,AR,2022-03-31 21:26:36,-54.8,-68.3,284.96,47,20,7.72
15,Labytnangi,RU,2022-03-31 21:26:37,66.6572,66.4183,260.56,86,100,5.51
16,Tura,IN,2022-03-31 21:26:37,25.5198,90.2201,293.79,92,68,1.65
17,General Roca,AR,2022-03-31 21:26:37,-39.0333,-67.5833,296.27,12,5,4.26
18,Norman Wells,CA,2022-03-31 21:26:38,65.282,-126.8329,249.17,58,20,10.29
19,Mar Del Plata,AR,2022-03-31 21:21:53,-38.0023,-57.5575,289.16,75,40,3.13
20,Mahebourg,MU,2022-03-31 21:26:38,-20.4081,57.7,299.31,78,40,5.66
21,Rikitea,PF,2022-03-31 21:26:39,-23.1203,-134.9692,298.68,65,54,6.2
22,Puerto Ayora,EC,2022-03-31 21:26:39,-0.7393,-90.3518,301.13,75,97,1.9
23,North Bend,US,2022-03-31 21:26:39,43.4065,-124.2243,287.17,78,20,8.23
24,Khatanga,RU,2022-03-31 21:26:39,71.9667,102.5,251.53,100,81,2.3
25,Port Alfred,ZA,2022-03-31 21:26:40,-33.5906,26.891,291.03,93,100,1.34
26,Punta Arenas,CL,2022-03-31 21:24:28,-53.15,-70.9167,285.21,50,75,12.86
27,Lower Hutt,NZ,2022-03-31 21:26:40,-41.2167,174.9167,289.99,91,75,8.23
28,Tuktoyaktuk,CA,2022-03-31 21:26:41,69.4541,-133.0374,245.15,76,20,5.14
29,Nikolskoye,RU,2022-03-31 21:26:41,59.7035,30.7861,270.26,96,15,0.94
30,Avarua,CK,2022-03-31 21:26:41,-21.2078,-159.775,301.18,74,5,4.63
31,Redencao,BR,2022-03-31 21:26:41,-4.2258,-38.7306,297.13,86,100,1.33
32,Rumoi,JP,2022-03-31 21:26:42,43.9344,141.6428,273.0,66,81,3.25
33,Sao Filipe,CV,2022-03-31 21:26:42,14.8961,-24.4956,294.82,78,6,4.76
34,Jamestown,US,2022-03-31 21:26:42,42.097,-79.2353,280.95,50,100,5.66
35,Tocopilla,CL,2022-03-31 21:26:42,-22.092,-70.1979,294.1,67,20,4.2
36,Saint-Philippe,RE,2022-03-31 21:26:43,-21.3585,55.7679,297.92,79,100,4.67
37,Port Macquarie,AU,2022-03-31 21:26:43,-31.4333,152.9167,292.53,84,96,7.23
38,Buenos Aires,AR,2022-03-31 21:26:43,-34.6132,-58.3772,292.04,37,0,3.09
39,Mataura,NZ,2022-03-31 21:26:43,-46.1927,168.8643,282.11,70,100,1.44
40,Kahului,US,2022-03-31 21:26:44,20.8947,-156.47,301.16,68,40,10.8
41,Zharkovskiy,RU,2022-03-31 21:26:44,55.849,32.2697,268.72,96,99,2.01
42,Bluff,NZ,2022-03-31 21:26:44,-46.6,168.3333,282.88,62,100,4.11
43,Victoria,HK,2022-03-31 21:26:45,22.2855,114.1577,294.18,87,100,8.94
44,Cape Town,ZA,2022-03-31 21:26:45,-33.9258,18.4232,290.52,72,0,9.26
45,East London,ZA,2022-03-31 21:23:05,-33.0153,27.9116,292.88,94,100,0.44
46,Bredasdorp,ZA,2022-03-31 21:26:45,-34.5322,20.0403,290.61,60,83,2.49
47,Sorong,ID,2022-03-31 21:27:46,-0.8833,131.25,298.74,85,100,0.79
48,Tabou,CI,2022-03-31 21:27:46,4.423,-7.3528,300.1,86,35,3.0
49,Ballina,AU,2022-03-31 21:27:46,-28.8667,153.5667,291.49,78,94,6.64
50,Ariquemes,BR,2022-03-31 21:27:46,-9.9133,-63.0408,298.13,96,65,1.19
51,Huaicheng,CN,2022-03-31 21:27:47,23.9051,112.1931,289.45,87,100,1.34
52,Qaanaaq,GL,2022-03-31 21:27:47,77.484,-69.3632,269.75,71,100,2.1
53,West Bay,KY,2022-03-31 21:27:47,19.3667,-81.4167,302.62,73,40,5.66
54,Ati,TD,2022-03-31 21:27:47,13.2154,18.3353,303.11,8,6,4.17
55,Nantucket,US,2022-03-31 21:25:42,41.2835,-70.0995,286.23,88,100,9.26
56,Kitami,JP,2022-03-31 21:27:48,43.8031,143.8908,270.99,95,93,1.11
57,Cidreira,BR,2022-03-31 21:27:48,-30.1811,-50.2056,290.43,61,87,3.89
58,Port Shepstone,ZA,2022-03-31 21:27:49,-30.7414,30.455,296.19,91,51,5.52
59,Albany,US,2022-03-31 21:27:49,42.6001,-73.9662,289.51,84,100,3.5
60,Sarai Naurang,PK,2022-03-31 21:27:49,32.8259,70.7814,296.79,10,0,2.29
61,Moose Factory,CA,2022-03-31 21:27:50,51.2585,-80.6094,269.15,93,100,6.69
62,Tilichiki,RU,2022-03-31 21:27:50,60.4667,166.1,254.1,87,14,4.44
63,Bengkulu,ID,2022-03-31 21:27:50,-3.8004,102.2655,297.3,81,100,2.2
64,Vestmannaeyjar,IS,2022-03-31 21:27:50,63.4427,-20.2734,277.93,67,100,3.31
65,Haapiti,PF,2022-03-31 21:27:51,-17.5667,-149.8667,303.0,69,29,5.36
66,Sur,OM,2022-03-31 21:27:51,22.5667,59.5289,300.91,38,0,3.33
67,Dourbali,TD,2022-03-31 21:27:51,11.8091,15.8632,303.96,12,11,1.89
68,Collie,AU,2022-03-31 21:27:51,-33.3667,116.15,293.5,71,37,3.45
69,Novosheshminsk,RU,2022-03-31 21:27:52,55.0651,51.2338,271.62,98,100,3.67
70,Pisco,PE,2022-03-31 21:27:52,-13.7,-76.2167,296.18,60,0,8.23
71,Thompson,CA,2022-03-31 21:27:52,55.7435,-97.8558,278.24,33,75,4.63
72,Bud,US,2022-03-31 21:27:53,39.447,-86.1758,278.63,79,100,6.79
73,Avera,US,2022-03-31 21:27:53,33.194,-82.5271,297.9,55,76,6.77
74,Ribeira Grande,PT,2022-03-31 21:27:53,38.5167,-28.7,289.89,90,99,7.67
75,Lorengau,PG,2022-03-31 21:27:53,-2.0226,147.2712,300.28,80,97,5.94
76,Laguna,US,2022-03-31 21:27:54,38.421,-121.4238,295.31,42,0,4.12
77,Butaritari,KI,2022-03-31 21:27:54,3.0707,172.7902,300.38,80,28,7.1
78,Bimbo,CF,2022-03-31 21:27:54,4.2567,18.4158,301.39,49,44,1.34
79,Mehamn,NO,2022-03-31 21:27:55,71.0357,27.8492,270.1,71,100,3.59
80,Hailar,CN,2022-03-31 21:27:55,49.2,119.7,261.47,66,69,2.92
81,Hermanus,ZA,2022-03-31 21:27:56,-34.4187,19.2345,290.26,68,96,4.34
82,Porto Empedocle,IT,2022-03-31 21:26:59,37.2934,13.5264,286.66,94,55,3.69
83,Lompoc,US,2022-03-31 21:27:56,34.6391,-120.4579,294.65,70,0,8.75
84,Zaidpur,IN,2022-03-31 21:27:57,26.8333,81.3333,299.19,23,0,1.69
85,Tautira,PF,2022-03-31 21:27:57,-17.7333,-149.15,300.48,70,45,4.81
86,Vardo,NO,2022-03-31 21:27:58,70.3705,31.1107,270.43,64,100,6.08
87,Katsuura,JP,2022-03-31 21:27:58,35.1333,140.3,278.98,96,100,12.28
88,Coihaique,CL,2022-03-31 21:24:25,-45.5752,-72.0662,288.49,58,40,2.06
89,Mosquera,CO,2022-03-31 21:27:58,4.7059,-74.2302,291.2,55,40,3.6
90,New Norfolk,AU,2022-03-31 21:27:59,-42.7826,147.0587,284.87,71,100,0.77
91,Kaitangata,NZ,2022-03-31 21:28:59,-46.2817,169.8464,282.92,63,100,1.35
92,Yiyang,CN,2022-03-31 21:28:59,28.5892,112.3283,284.49,93,100,5.0
93,Hithadhoo,MV,2022-03-31 21:28:59,-0.6,73.0833,301.06,73,5,3.24
94,Graaff-Reinet,ZA,2022-03-31 21:29:00,-32.2522,24.5308,286.99,96,84,3.98
95,Kapaa,US,2022-03-31 21:29:00,22.0752,-159.319,299.37,81,75,6.69
96,Kristiansund,NO,2022-03-31 21:29:00,63.1115,7.732,273.51,86,75,1.03
97,Tasiilaq,GL,2022-03-31 21:29:00,65.6145,-37.6368,273.24,98,100,2.23
98,Arraial Do Cabo,BR,2022-03-31 21:29:01,-22.9661,-42.0278,299.13,88,40,5.14
99,Ramshir,IR,2022-03-31 21:29:01,30.8946,49.4092,295.01,12,0,1.13
100,Saskylakh,RU,2022-03-31 21:29:01,71.9167,114.0833,257.73,97,100,3.12
101,Pasni,PK,2022-03-31 21:29:01,25.2631,63.471,300.27,28,0,6.29
102,Codrington,AU,2022-03-31 21:29:02,-38.2667,141.9667,288.43,60,89,6.03
103,Barrow,US,2022-03-31 21:29:02,71.2906,-156.7887,249.16,77,20,9.77
104,Upland,US,2022-03-31 21:29:03,34.0975,-117.6484,295.84,66,100,5.14
105,Byron Bay,AU,2022-03-31 21:29:03,-28.65,153.6167,291.45,77,93,7.2
106,Pampas,PE,2022-03-31 21:29:03,-12.4,-74.9,286.35,78,95,1.95
107,Cabo San Lucas,MX,2022-03-31 21:29:04,22.8909,-109.9124,301.82,38,20,5.14
108,Galesong,ID,2022-03-31 21:29:04,-5.3166,119.3661,296.16,82,74,2.42
109,Rio Gallegos,AR,2022-03-31 21:29:04,-51.6226,-69.2181,290.18,29,0,4.63
110,Husavik,IS,2022-03-31 21:29:05,66.0449,-17.3389,273.47,97,100,1.06
111,Kenitra,MA,2022-03-31 21:29:05,34.261,-6.5802,288.57,80,28,5.14
112,Egvekinot,RU,2022-03-31 21:27:24,66.3167,-179.1667,259.4,86,98,8.47
113,Las Varas,MX,2022-03-31 21:29:05,21.1667,-105.1667,308.86,48,95,3.77
114,Kampene,CD,2022-03-31 21:29:06,-3.6,26.6667,293.7,93,99,0.51
115,Narsaq,GL,2022-03-31 21:29:06,60.9167,-46.05,277.27,79,100,2.08
116,Luderitz,NA,2022-03-31 21:29:06,-26.6481,15.1594,290.23,70,0,7.89
117,Nome,US,2022-03-31 21:29:06,64.5011,-165.4064,270.46,63,100,10.29
118,Qasigiannguit,GL,2022-03-31 21:29:07,68.8193,-51.1922,265.29,96,88,0.98
119,Torbay,CA,2022-03-31 21:29:07,47.6666,-52.7314,277.36,71,75,5.14
120,Staryy Nadym,RU,2022-03-31 21:29:07,65.6118,72.6842,263.88,84,100,9.47
121,Dikson,RU,2022-03-31 21:29:08,73.5069,80.5464,256.85,94,17,3.55
122,Presidente Epitacio,BR,2022-03-31 21:29:08,-21.7633,-52.1156,295.51,82,69,7.26
123,Iqaluit,CA,2022-03-31 21:29:08,63.7506,-68.5145,270.0,100,100,6.17
124,Yellowknife,CA,2022-03-31 21:29:09,62.456,-114.3525,265.53,77,75,8.75
125,Yanam,IN,2022-03-31 21:29:09,16.7333,82.2167,298.24,97,22,1.14
126,Noumea,NC,2022-03-31 21:29:10,-22.2763,166.4572,301.48,99,22,0.88
127,Kempele,FI,2022-03-31 21:29:10,64.9131,25.5034,263.16,85,0,0.51
128,Ulundi,ZA,2022-03-31 21:29:11,-28.3352,31.4162,291.36,94,0,1.14
129,Zhurivka,UA,2022-03-31 21:29:11,50.5028,31.7849,282.09,90,100,5.09
130,Birjand,IR,2022-03-31 21:25:02,32.8663,59.2211,281.41,13,0,3.09
131,Ancud,CL,2022-03-31 21:29:11,-41.8697,-73.8203,287.72,69,100,1.9
132,Leh,IN,2022-03-31 21:29:12,34.1667,77.5833,267.04,54,0,2.73
133,Lasa,IT,2022-03-31 21:29:12,46.6166,10.7002,279.65,97,100,1.38
134,Uige,AO,2022-03-31 21:30:12,-7.6087,15.0613,292.92,98,99,1.5
135,Scarborough,GB,2022-03-31 21:30:02,54.2797,-0.4044,276.85,81,14,3.58
136,Lamar,US,2022-03-31 21:30:13,33.6668,-95.5836,290.73,34,0,8.23
137,Paamiut,GL,2022-03-31 21:30:14,61.994,-49.6678,274.14,99,100,0.79
138,Canavieiras,BR,2022-03-31 21:30:14,-15.675,-38.9472,298.08,81,1,2.61
139,Roswell,US,2022-03-31 21:30:15,34.0232,-84.3616,296.3,47,75,7.2
140,Kozhevnikovo,RU,2022-03-31 21:30:15,56.2589,83.9714,276.62,83,100,6.81
141,Casa Grande,US,2022-03-31 21:30:15,32.8795,-111.7573,300.54,21,0,2.57
142,Longyearbyen,SJ,2022-03-31 21:30:15,78.2186,15.6401,260.06,72,75,5.66
143,Kharp,RU,2022-03-31 21:30:16,66.8014,65.8081,257.23,95,100,2.88
144,Tiksi,RU,2022-03-31 21:26:17,71.6872,128.8694,257.74,98,100,3.03
145,Nelson Bay,AU,2022-03-31 21:30:16,-32.7167,152.15,289.31,89,94,11.4
146,Kodiak,US,2022-03-31 21:30:17,57.79,-152.4072,277.88,93,100,9.77
147,Provideniya,RU,2022-03-31 21:30:17,64.3833,-173.3,268.35,74,100,11.18
148,Balikpapan,ID,2022-03-31 21:30:17,-1.2675,116.8289,297.7,100,20,1.03
149,Warora,IN,2022-03-31 21:30:18,20.2333,79.0,303.81,13,7,1.49
150,Bamenda,CM,2022-03-31 21:28:44,5.9527,10.1582,294.71,61,60,1.15
151,Upernavik,GL,2022-03-31 21:30:18,72.7868,-56.1549,262.97,97,100,4.23
152,Nyurba,RU,2022-03-31 21:30:19,63.2842,118.3319,271.24,90,100,4.54
153,Muros,ES,2022-03-31 21:30:19,42.7762,-9.0603,284.31,77,32,5.91
154,Vostok,RU,2022-03-31 21:30:19,46.4856,135.8833,264.74,92,100,1.85
155,Weihe,CN,2022-03-31 21:30:20,32.9952,105.3247,279.94,81,100,0.47
156,Loandjili,CG,2022-03-31 21:30:20,-4.7561,11.8578,299.08,92,96,2.92
157,Esperance,AU,2022-03-31 21:30:20,-33.8667,121.9,291.06,78,92,7.46
158,Cherskiy,RU,2022-03-31 21:30:21,68.75,161.3,249.02,97,100,1.5
159,Zundert,NL,2022-03-31 21:30:21,51.4735,4.6418,277.11,85,100,4.03
160,Dingle,PH,2022-03-31 21:30:21,10.9995,122.6711,297.48,92,44,3.01
161,Mount Gambier,AU,2022-03-31 21:30:22,-37.8333,140.7667,281.1,93,15,3.6
162,Richards Bay,ZA,2022-03-31 21:30:22,-28.783,32.0377,295.77,88,0,3.39
163,Grindavik,IS,2022-03-31 21:30:22,63.8424,-22.4338,277.41,81,75,3.6
164,Sheltozero,RU,2022-03-31 21:30:23,61.3667,35.3667,261.7,94,48,1.07
165,Jequie,BR,2022-03-31 21:30:23,-13.8575,-40.0836,297.72,74,18,2.47
166,Severo-Kurilsk,RU,2022-03-31 21:30:23,50.6789,156.125,271.47,81,81,6.99
167,Chokurdakh,RU,2022-03-31 21:30:24,70.6333,147.9167,241.52,100,98,1.65
168,Mandalgovi,MN,2022-03-31 21:30:24,45.7625,106.2708,269.31,61,92,4.83
169,Cartaya,ES,2022-03-31 21:30:24,37.2811,-7.1507,287.14,59,8,6.79
170,Huilong,CN,2022-03-31 21:30:25,31.8111,121.655,282.0,65,98,6.65
171,Zhicheng,CN,2022-03-31 21:30:25,30.2956,111.5047,284.02,82,100,0.43
172,Bathsheba,BB,2022-03-31 21:30:25,13.2167,-59.5167,299.49,83,40,8.23
173,Hasaki,JP,2022-03-31 21:30:26,35.7333,140.8333,276.37,83,100,12.27
174,Finnsnes,NO,2022-03-31 21:30:26,69.2296,17.9811,269.49,81,99,1.38
175,Udalguri,IN,2022-03-31 21:30:26,26.7667,92.1333,295.09,82,98,4.98
176,Pevek,RU,2022-03-31 21:30:26,69.7008,170.3133,245.5,95,21,2.14
177,Chapleau,CA,2022-03-31 21:30:27,47.8405,-83.4034,270.2,86,100,5.14
178,Cayenne,GF,2022-03-31 21:30:27,4.9333,-52.3333,301.17,1,75,4.63
179,Dubbo,AU,2022-03-31 21:30:27,-32.25,148.6167,284.22,76,0,1.54
180,Celestun,MX,2022-03-31 21:31:28,20.8667,-90.4,301.14,75,3,5.5
181,Swan River,CA,2022-03-31 21:31:28,52.1058,-101.2676,276.09,48,93,1.03
182,Nanortalik,GL,2022-03-31 21:31:28,60.1432,-45.2371,275.17,89,99,1.66
183,Dhidhdhoo,MV,2022-03-31 21:31:29,6.8833,73.1,301.64,72,90,1.95
184,Juelsminde,DK,2022-03-31 21:31:29,55.7088,10.0167,272.78,65,58,5.02
185,Kamenka,RU,2022-03-31 21:31:30,51.3223,42.7678,280.17,81,94,6.18
186,Half Moon Bay,US,2022-03-31 21:31:30,37.4636,-122.4286,295.32,71,0,8.23
187,Virginia Beach,US,2022-03-31 21:30:21,36.8529,-75.978,294.27,92,100,2.68
188,Beringovskiy,RU,2022-03-31 21:31:31,63.05,179.3167,260.39,94,100,10.19
189,Lavrentiya,RU,2022-03-31 21:28:00,65.5833,-171.0,263.51,78,62,5.25
190,Verkhnevilyuysk,RU,2022-03-31 21:31:31,63.4453,120.3167,270.77,97,100,2.76
191,Auki,SB,2022-03-31 21:31:31,-8.7676,160.7034,300.64,82,87,1.4
192,Luena,AO,2022-03-31 21:31:32,-11.7833,19.9167,289.87,97,59,0.85
193,Asosa,ET,2022-03-31 21:31:32,10.0667,34.5333,296.94,21,5,0.93
194,Chuy,UY,2022-03-31 21:31:32,-33.6971,-53.4616,286.53,76,51,3.76
195,Vila Velha,BR,2022-03-31 21:27:11,-20.3297,-40.2925,301.12,82,20,1.54
196,Saint-Pierre,RE,2022-03-31 21:30:11,-21.3393,55.4781,298.66,74,0,6.69
197,The Valley,AI,2022-03-31 21:31:33,18.217,-63.0578,301.07,61,40,8.75
198,Moroni,KM,2022-03-31 21:31:33,-11.7022,43.2551,299.48,80,16,1.53
199,Kita,ML,2022-03-31 21:31:34,13.0349,-9.4895,306.62,14,37,0.91
200,Lar,IN,2022-03-31 21:31:34,26.2039,83.9717,297.73,58,0,3.22
201,Urubamba,PE,2022-03-31 21:31:34,-13.3047,-72.1158,292.65,79,98,2.42
202,Lebu,CL,2022-03-31 21:31:35,-37.6167,-73.65,285.73,72,94,8.9
203,Saint-Denis,FR,2022-03-31 21:31:35,48.9167,2.3333,277.64,73,100,10.8
204,Clyde River,CA,2022-03-31 21:31:35,70.4692,-68.5914,258.28,85,20,1.03
205,Gouyave,GD,2022-03-31 21:31:35,12.1646,-61.7296,300.58,69,20,7.72
206,Hualmay,PE,2022-03-31 21:31:36,-11.0964,-77.6139,295.63,77,21,4.54
207,Liberty,US,2022-03-31 21:31:36,31.8335,-81.5004,301.29,61,75,10.8
208,San Quintin,MX,2022-03-31 21:31:36,30.4833,-115.95,290.09,64,0,8.23
209,Naze,JP,2022-03-31 21:31:36,28.3667,129.4833,290.66,87,100,8.94
210,Canada,ES,2022-03-31 21:31:37,38.6767,-0.8141,285.48,66,56,5.58
211,Saldanha,ZA,2022-03-31 21:29:31,-33.0117,17.9442,289.18,78,1,9.64
212,Margate,GB,2022-03-31 21:31:37,51.3813,1.3862,277.42,60,99,8.05
213,Spirit River,CA,2022-03-31 21:31:38,55.7833,-118.8361,277.39,53,66,2.26
214,Havoysund,NO,2022-03-31 21:31:38,70.9963,24.6622,270.28,69,100,3.74
215,Bethel,US,2022-03-31 21:31:38,41.3712,-73.414,291.68,81,75,4.47
216,Waipawa,NZ,2022-03-31 21:31:39,-41.4122,175.5153,287.57,96,100,3.4
217,Winterthur,CH,2022-03-31 21:31:39,47.5,8.75,279.74,89,100,4.12
218,Eureka,US,2022-03-31 21:31:39,40.8021,-124.1637,289.89,65,79,5.36
219,Labrea,BR,2022-03-31 21:31:40,-7.2586,-64.7981,298.89,88,70,0.9
220,Ust-Nera,RU,2022-03-31 21:31:40,64.5667,143.2,252.28,99,87,0.62
221,Kedrovyy,RU,2022-03-31 21:31:40,56.1667,91.8167,277.38,78,100,4.98
222,Rapar,IN,2022-03-31 21:31:40,23.5667,70.6333,299.16,50,0,4.05
223,Inongo,CD,2022-03-31 21:31:41,-1.95,18.2667,296.85,86,99,1.15
224,Brae,GB,2022-03-31 21:31:41,60.3964,-1.353,276.31,66,84,5.96
225,Kavaratti,IN,2022-03-31 21:31:41,10.5669,72.642,301.45,77,13,3.57
226,Paranaiba,BR,2022-03-31 21:31:42,-19.6772,-51.1908,299.46,66,83,1.78
227,Port Hardy,CA,2022-03-31 21:31:42,50.6996,-127.4199,281.15,87,75,2.57
228,Melo,UY,2022-03-31 21:32:42,-32.3667,-54.1833,287.49,51,58,4.76
229,Pacific Grove,US,2022-03-31 21:32:43,36.6177,-121.9166,292.16,77,0,5.14
230,Fortuna,US,2022-03-31 21:32:43,40.5982,-124.1573,287.0,63,20,8.75
231,Goderich,CA,2022-03-31 21:32:44,43.7501,-81.7165,277.33,75,100,6.69
232,Saint Anthony,US,2022-03-31 21:32:44,45.0205,-93.218,275.33,58,100,6.69
233,Yar-Sale,RU,2022-03-31 21:32:45,66.8333,70.8333,262.58,81,100,7.99
234,Gay,RU,2022-03-31 21:32:46,51.4666,58.4552,275.44,89,24,2.17
235,Leningradskiy,RU,2022-03-31 21:32:46,69.3833,178.4167,255.33,93,97,0.89
236,Vysokogornyy,RU,2022-03-31 21:32:46,50.1167,139.15,264.77,94,99,0.14
237,Ola,RU,2022-03-31 21:32:46,59.5833,151.2833,255.45,75,41,3.68
238,Bilibino,RU,2022-03-31 21:29:21,68.0546,166.4372,248.75,97,90,0.04
239,Garmsar,IR,2022-03-31 21:30:52,35.2182,52.3409,289.6,41,15,2.47
240,Georgetown,MY,2022-03-31 21:32:10,5.4112,100.3354,299.11,99,20,1.54
241,Prince Albert,CA,2022-03-31 21:32:47,53.2001,-105.7677,276.12,75,100,4.63
242,Anadyr,RU,2022-03-31 21:31:00,64.75,177.4833,262.43,85,20,9.0
243,Faanui,PF,2022-03-31 21:32:48,-16.4833,-151.75,301.08,68,25,5.76
244,Bucerias,MX,2022-03-31 21:32:48,20.75,-105.3333,298.14,65,40,6.69
245,Aberdeen,GB,2022-03-31 21:31:20,57.1437,-2.0981,275.09,93,86,5.14
246,Grand Haven,US,2022-03-31 21:32:49,43.0631,-86.2284,275.61,80,100,4.63
247,Qeshm,IR,2022-03-31 21:31:41,26.9581,56.2719,295.08,72,3,2.47
248,Salalah,OM,2022-03-31 21:32:34,17.0151,54.0924,299.2,53,0,1.54
249,Santa Marta,CO,2022-03-31 21:31:59,11.2408,-74.199,306.18,55,40,7.72
250,Baykit,RU,2022-03-31 21:32:50,61.67,96.37,265.55,81,86,5.46
251,La Concepcion,PA,2022-03-31 21:32:50,8.5167,-82.6167,302.81,72,85,1.59
252,Lagoa,PT,2022-03-31 21:32:51,39.05,-27.9833,289.12,90,92,7.53
253,Manokwari,ID,2022-03-31 21:32:51,-0.8667,134.0833,298.52,80,100,1.74
254,Lima,PE,2022-03-31 21:28:26,-12.0432,-77.0282,294.29,68,0,5.66
255,Ostrovnoy,RU,2022-03-31 21:32:51,68.0531,39.5131,267.68,79,100,4.78
256,Saraza,PH,2022-03-31 21:32:52,8.7356,117.78,298.94,83,8,2.29
257,Bethanien,NA,2022-03-31 21:32:52,-26.502,17.1583,294.96,38,0,3.0
258,Santa Vitoria Do Palmar,BR,2022-03-31 21:32:52,-33.5189,-53.3681,287.03,70,51,3.88
259,Quixada,BR,2022-03-31 21:32:53,-4.9714,-39.0153,296.88,84,97,1.77
260,Mezen,RU,2022-03-31 21:32:53,65.8522,44.24,263.81,95,99,2.81
261,Safford,US,2022-03-31 21:32:53,32.834,-109.7076,296.66,25,0,0.0
262,Atasu,KZ,2022-03-31 21:32:54,48.6814,71.6433,270.9,79,100,2.53
263,Saint George,US,2022-03-31 21:32:54,37.1041,-113.5841,297.94,21,0,7.2
264,Hirara,JP,2022-03-31 21:32:55,24.8,125.2833,293.21,81,100,13.17
265,Khandyga,RU,2022-03-31 21:32:55,62.6667,135.6,251.5,100,100,0.6
266,Meulaboh,ID,2022-03-31 21:32:55,4.1363,96.1285,297.75,87,98,1.37
267,Shimoda,JP,2022-03-31 21:32:55,34.6667,138.95,278.21,95,100,8.93
268,Surin,TH,2022-03-31 21:32:56,14.8818,103.4936,301.16,98,100,4.93
269,Rawson,AR,2022-03-31 21:33:56,-43.3002,-65.1023,291.45,35,92,2.14
270,North Platte,US,2022-03-31 21:33:56,41.1239,-100.7654,285.44,29,0,3.09
271,Bibiani,GH,2022-03-31 21:33:57,6.4635,-2.3194,294.96,98,100,0.98
272,Fenyi,CN,2022-03-31 21:33:57,27.8112,114.6681,283.94,94,100,1.92
273,Srisailam,IN,2022-03-31 21:33:57,16.0833,78.8667,297.86,77,7,1.62
274,Culiacan,MX,2022-03-31 21:33:57,24.7994,-107.3897,304.9,28,40,5.14
275,Broome,US,2022-03-31 21:33:58,42.2506,-75.833,289.93,78,100,4.12
276,Te Anau,NZ,2022-03-31 21:33:58,-45.4167,167.7167,282.61,74,100,1.82
277,Opuwo,NA,2022-03-31 21:33:58,-18.0607,13.84,295.69,63,43,1.0
278,Shu,KZ,2022-03-31 21:33:59,43.5983,73.7614,280.63,62,0,2.25
279,Novo Aripuana,BR,2022-03-31 21:33:59,-5.1206,-60.3797,297.49,91,58,1.07
280,Healdsburg,US,2022-03-31 21:34:00,38.6105,-122.8692,296.43,52,20,4.12
281,Cedar City,US,2022-03-31 21:34:00,37.6775,-113.0619,286.69,41,75,4.63
282,Beloha,MG,2022-03-31 21:34:00,-25.1667,45.05,294.33,85,0,3.77
283,Nabire,ID,2022-03-31 21:34:01,-3.3667,135.4833,298.49,78,100,0.87
284,Zheleznodorozhnyy,RU,2022-03-31 21:31:09,55.7503,38.0042,273.49,95,100,0.93
285,Ontario,US,2022-03-31 21:34:01,34.0633,-117.6509,296.29,66,100,6.69
286,Marolambo,MG,2022-03-31 21:34:01,-20.05,48.1167,290.93,96,52,1.35
287,Ciudad Bolivar,VE,2022-03-31 21:34:02,8.1222,-63.5497,304.31,48,92,6.69
288,Sao Raimundo Nonato,BR,2022-03-31 21:34:02,-9.0153,-42.6994,299.59,50,53,1.57
289,Guerrero Negro,MX,2022-03-31 21:34:02,27.9769,-114.0611,291.83,59,39,9.17
290,Guozhen,CN,2022-03-31 21:34:02,34.3659,107.359,283.47,41,100,1.13
291,Bonthe,SL,2022-03-31 21:34:03,7.5264,-12.505,299.11,90,70,2.74
292,Gerash,IR,2022-03-31 21:34:03,27.6652,54.1371,292.23,17,4,2.57
293,Adra,ES,2022-03-31 21:34:04,36.7496,-3.0206,286.69,66,6,4.18
294,Makakilo City,US,2022-03-31 21:34:04,21.3469,-158.0858,301.33,57,20,8.23
295,Isangel,VU,2022-03-31 21:34:04,-19.55,169.2667,301.21,89,75,1.54
296,Umba,RU,2022-03-31 21:34:04,66.6871,34.3429,262.5,96,99,1.91
297,Fort Nelson,CA,2022-03-31 21:34:05,58.8053,-122.7002,269.92,59,75,3.6
298,Placido De Castro,BR,2022-03-31 21:34:05,-10.3353,-67.1856,295.54,98,70,3.89
299,Rosamorada,MX,2022-03-31 21:34:05,22.1222,-105.2058,303.33,27,98,5.37
300,Pathein,MM,2022-03-31 21:34:06,16.7833,94.7333,296.85,94,65,2.85
301,Nemuro,JP,2022-03-31 21:34:06,43.3236,145.575,271.28,95,100,6.36
302,Copiapo,CL,2022-03-31 21:34:06,-27.3667,-70.3333,289.98,41,0,2.47
303,Changping,CN,2022-03-31 21:34:07,40.2186,116.2197,272.95,27,6,0.84
304,Aykhal,RU,2022-03-31 21:34:07,66.0,111.5,262.29,100,99,3.77
305,Roald,NO,2022-03-31 21:34:07,62.5833,6.1333,275.24,93,75,1.54
306,Ahipara,NZ,2022-03-31 21:34:07,-35.1667,173.1667,294.54,66,95,0.55
307,Dudinka,RU,2022-03-31 21:34:08,69.4058,86.1778,265.72,96,100,3.07
308,Adrar,MR,2022-03-31 21:34:08,20.5022,-10.0711,296.65,16,98,4.58
309,Sola,VU,2022-03-31 21:34:08,-13.8833,167.55,300.52,89,100,0.0
310,Jinka,ET,2022-03-31 21:34:09,5.65,36.65,293.06,53,6,1.13
311,Hervey Bay,AU,2022-03-31 21:34:09,-25.2986,152.8535,294.83,81,94,2.68
312,Darlowo,PL,2022-03-31 21:34:09,54.421,16.4107,272.98,54,100,7.2
313,Altamira,BR,2022-03-31 21:34:10,-3.2033,-52.2064,301.2,78,40,2.06
314,Severo-Yeniseyskiy,RU,2022-03-31 21:34:10,60.3725,93.0408,265.75,89,100,2.43
315,Caravelas,BR,2022-03-31 21:34:10,-17.7125,-39.2481,298.7,82,0,3.23
316,Mayumba,GA,2022-03-31 21:34:10,-3.432,10.6554,299.13,90,97,2.34
317,Kambove,CD,2022-03-31 21:35:11,-10.8764,26.5969,289.0,98,18,1.66
318,Kosino,RU,2022-03-31 21:35:11,58.4127,51.2782,265.55,87,100,1.64
319,Jacareacanga,BR,2022-03-31 21:35:11,-6.2222,-57.7528,296.47,95,88,0.87
320,Hay River,CA,2022-03-31 21:35:12,60.8156,-115.7999,263.14,79,100,8.23
321,Berlevag,NO,2022-03-31 21:35:12,70.8578,29.0864,270.12,59,40,8.23
322,Pecos,US,2022-03-31 21:35:12,31.4229,-103.4932,293.2,21,0,0.0
323,Elko,US,2022-03-31 21:35:12,41.0002,-115.5012,283.51,40,97,3.58
324,Willmar,US,2022-03-31 21:35:13,45.1219,-95.0433,276.16,62,75,6.69
325,Westport,US,2022-03-31 21:35:13,41.1415,-73.3579,290.29,89,100,11.83
326,Kutum,SD,2022-03-31 21:35:13,14.2,24.6667,294.79,11,7,3.35
327,Arrecife,ES,2022-03-31 21:35:13,28.963,-13.5477,291.14,72,20,7.2
328,Lazaro Cardenas,MX,2022-03-31 21:35:14,17.9583,-102.2,299.63,60,33,3.87
329,Pombas,CV,2022-03-31 21:35:14,17.1503,-25.0201,293.03,78,39,5.72
330,Itaituba,BR,2022-03-31 21:35:14,-4.2761,-55.9836,301.24,83,75,0.0
331,Devils Lake,US,2022-03-31 21:35:15,48.1128,-98.8651,277.01,53,0,2.24
332,Bangangte,CM,2022-03-31 21:35:15,5.1409,10.5198,292.22,88,92,1.98
333,Carnarvon,AU,2022-03-31 21:35:15,-24.8667,113.6333,294.19,94,75,7.2
334,Cabra,ES,2022-03-31 21:35:15,37.4725,-4.4421,283.52,86,48,2.58
335,Kolosovka,RU,2022-03-31 21:35:16,56.4678,73.611,273.66,98,100,4.94
336,Machinga,MW,2022-03-31 21:35:16,-15.1685,35.3,291.84,96,3,0.99
337,Belmonte,BR,2022-03-31 21:35:17,-15.8631,-38.8828,298.71,79,1,3.44
338,Honiara,SB,2022-03-31 21:35:17,-9.4333,159.95,301.51,79,91,1.38
339,Serravalle Pistoiese,IT,2022-03-31 21:35:17,43.9061,10.8327,284.59,94,100,0.45
340,Ruiz,MX,2022-03-31 21:35:17,21.95,-105.15,303.68,26,100,5.6
341,Venado Tuerto,AR,2022-03-31 21:34:33,-33.7456,-61.9688,286.57,37,15,2.75
342,Poum,NC,2022-03-31 21:35:18,-20.2333,164.0167,300.03,80,46,2.96
343,Castro,BR,2022-03-31 21:35:19,-24.7911,-50.0119,286.44,98,100,3.63
344,Nongstoin,IN,2022-03-31 21:35:19,25.5167,91.2667,288.36,95,31,1.73
345,Kirkwall,GB,2022-03-31 21:35:19,58.9848,-2.9587,275.18,93,75,5.14
346,Hastings,GB,2022-03-31 21:35:02,50.8552,0.5729,276.66,56,11,11.36
347,Kingaroy,AU,2022-03-31 21:35:20,-26.5333,151.8333,291.17,72,75,2.57
348,Dongli,CN,2022-03-31 21:35:20,23.5656,116.8194,290.14,94,100,3.0
349,Kropotkin,RU,2022-03-31 21:32:01,45.4375,40.5756,284.28,64,78,3.86
350,Loanda,AO,2022-03-31 21:35:21,-8.8368,13.2343,300.15,83,75,4.12
351,Lakes Entrance,AU,2022-03-31 21:35:21,-37.8811,147.981,286.57,75,70,6.71
352,Karratha,AU,2022-03-31 21:35:21,-20.7377,116.8463,302.04,71,72,3.46
353,Nalbari,IN,2022-03-31 21:35:21,26.4456,91.4354,295.8,80,97,5.46
354,Dergachi,RU,2022-03-31 21:35:22,51.2328,48.7659,276.01,99,100,4.21
355,Airai,TL,2022-03-31 21:35:22,-8.9266,125.4092,286.95,76,2,1.12
356,Assai,BR,2022-03-31 21:35:22,-23.3733,-50.8414,294.07,96,94,4.76
357,Grand Gaube,MU,2022-03-31 21:35:22,-20.0064,57.6608,299.37,77,98,4.02
358,Sivas,TR,2022-03-31 21:31:09,39.7916,37.0019,277.5,70,0,3.09
359,Gondanglegi,ID,2022-03-31 21:35:23,-7.7479,112.0132,296.0,93,40,1.64
360,Huarmey,PE,2022-03-31 21:35:23,-10.0681,-78.1522,296.21,77,65,4.96
361,Kloulklubed,PW,2022-03-31 21:35:24,7.0419,134.2556,297.43,78,100,3.89
362,Malaia,RO,2022-03-31 21:35:24,45.35,24.0333,285.79,97,100,2.21
363,Ponta Do Sol,PT,2022-03-31 21:35:24,32.6667,-17.1,291.32,83,67,1.81
364,Ayagoz,KZ,2022-03-31 21:36:24,47.9714,80.4392,264.69,85,55,2.41
365,Mpika,ZM,2022-03-31 21:36:25,-11.8343,31.4529,289.86,98,78,1.87
366,Saurimo,AO,2022-03-31 21:36:25,-9.6608,20.3916,291.9,93,90,1.36
367,Port Moresby,PG,2022-03-31 21:36:25,-9.4431,147.1797,296.83,94,20,2.57
368,Abu Dhabi,AE,2022-03-31 21:33:52,24.4667,54.3667,295.91,74,0,1.03
369,Shumyachi,RU,2022-03-31 21:36:26,53.8583,32.4242,273.47,98,100,3.76
370,Nerchinskiy Zavod,RU,2022-03-31 21:36:26,51.3088,119.61,264.13,71,36,1.6
371,Caibarien,CU,2022-03-31 21:36:26,22.5206,-79.4669,303.77,75,7,9.66
372,Maceio,BR,2022-03-31 21:34:45,-9.6658,-35.7353,298.84,83,75,1.03
373,Bac Lieu,VN,2022-03-31 21:36:27,9.285,105.7244,300.37,77,100,1.18
374,Dashitou,CN,2022-03-31 21:36:27,43.3067,128.5114,270.58,41,0,3.59
375,Kavieng,PG,2022-03-31 21:36:27,-2.5744,150.7967,301.14,79,99,5.13
376,Sesvete,HR,2022-03-31 21:36:27,45.8311,16.1164,282.41,93,75,1.03
377,Alofi,NU,2022-03-31 21:36:28,-19.0595,-169.9187,302.09,79,40,3.6
378,Mercedes,AR,2022-03-31 21:36:28,-34.6515,-59.4307,285.71,46,54,1.55
379,Klaksvik,FO,2022-03-31 21:36:28,62.2266,-6.589,275.66,63,92,3.78
380,Tamandare,BR,2022-03-31 21:36:28,-8.7597,-35.1047,299.35,75,93,2.77
381,Palu,ID,2022-03-31 21:36:29,-0.8917,119.8707,296.73,89,98,1.19
382,Okhotsk,RU,2022-03-31 21:36:29,59.3833,143.3,259.46,77,59,7.17
383,San Matias,BO,2022-03-31 21:36:29,-16.3667,-58.4,290.18,71,100,3.09
384,Hambantota,LK,2022-03-31 21:36:30,6.1241,81.1185,297.34,100,40,1.03
385,Sorland,NO,2022-03-31 21:36:30,67.667,12.6934,273.92,52,99,3.16
386,Abu Samrah,SY,2022-03-31 21:36:30,35.3029,37.1841,288.72,40,88,3.02
387,Twin Falls,US,2022-03-31 21:36:31,42.3505,-114.6445,281.34,43,0,11.32
388,Uspenka,UA,2022-03-31 21:36:31,48.3903,39.1619,282.93,69,93,6.45
389,Rock Springs,US,2022-03-31 21:36:32,41.5875,-109.2029,279.84,83,100,9.77
390,Alvand,IR,2022-03-31 21:33:39,36.3187,49.1678,280.11,67,3,1.33
391,Pangody,RU,2022-03-31 21:36:32,65.85,74.4859,263.85,87,99,9.03
392,Kushiro,JP,2022-03-31 21:36:32,42.975,144.3747,272.94,84,100,4.5
393,Padang,ID,2022-03-31 21:31:58,-0.9492,100.3543,297.16,74,39,1.72
394,Muisne,EC,2022-03-31 21:36:33,0.6,-80.0333,299.75,78,58,3.44
395,Sevsk,RU,2022-03-31 21:36:33,52.1491,34.4926,276.04,99,100,2.59
396,Lerwick,GB,2022-03-31 21:36:33,60.1545,-1.1494,275.15,68,81,6.39
397,Nakhon Phanom,TH,2022-03-31 21:36:34,17.3333,104.4167,297.54,72,100,3.46
398,Santa Fe,AR,2022-03-31 21:34:29,-31.6333,-60.7,292.6,34,89,1.34
399,Nieuwpoort,BE,2022-03-31 21:36:34,51.1244,2.7735,276.49,93,100,13.38
400,Asau,RO,2022-03-31 21:36:35,46.4333,26.4,286.66,75,100,2.03
401,Progreso,MX,2022-03-31 21:36:35,21.2833,-89.6667,311.21,77,7,5.91
402,Tuatapere,NZ,2022-03-31 21:36:35,-46.1333,167.6833,282.64,78,100,2.52
403,Novikovo,RU,2022-03-31 21:36:35,51.1537,37.8879,282.61,79,100,4.44
404,Ambilobe,MG,2022-03-31 21:36:36,-13.2,49.05,295.95,95,99,1.16
405,Niamey,NE,2022-03-31 21:31:43,13.5137,2.1098,307.31,8,3,1.03
406,Talnakh,RU,2022-03-31 21:36:36,69.4865,88.3972,265.49,92,100,1.27
407,Port Blair,IN,2022-03-31 21:36:36,11.6667,92.75,298.17,100,20,1.03
408,Bambous Virieux,MU,2022-03-31 21:36:37,-20.3428,57.7575,299.29,78,40,5.66
409,Almaznyy,RU,2022-03-31 21:36:37,48.0448,40.045,283.15,61,90,5.59
410,Ekibastuz,KZ,2022-03-31 21:36:37,51.6667,75.3667,273.72,73,93,4.76
411,San Patricio,US,2022-03-31 21:37:37,28.017,-97.5169,304.36,27,3,3.03
412,Kavkazskiy,RU,2022-03-31 21:37:38,44.2672,42.2347,280.55,60,36,2.02
413,Cody,US,2022-03-31 21:37:38,44.5263,-109.0565,280.32,71,100,5.14
414,Maumere,ID,2022-03-31 21:37:38,-8.6199,122.2111,299.17,80,13,1.65
415,Metu,ET,2022-03-31 21:37:39,8.3,35.5833,292.58,49,65,1.1
416,Ewa Beach,US,2022-03-31 21:37:39,21.3156,-158.0072,302.12,57,20,8.23
417,Ternate,ID,2022-03-31 21:37:39,0.8,127.4,299.78,82,97,2.9
418,Kinablangan,PH,2022-03-31 21:37:39,7.6947,126.5503,298.31,86,80,2.38
419,Morag,PL,2022-03-31 21:37:40,53.9171,19.926,271.82,43,100,5.52
420,Souillac,MU,2022-03-31 21:37:40,-20.5167,57.5167,299.36,78,40,5.66
421,Planeta Rica,CO,2022-03-31 21:37:40,8.4147,-75.5883,300.85,77,98,3.97
422,Uyskoye,RU,2022-03-31 21:37:40,54.3775,60.0047,271.81,98,100,1.6
423,Solnechnyy,RU,2022-03-31 21:37:41,50.7214,136.6319,267.05,88,100,2.92
424,Praia Da Vitoria,PT,2022-03-31 21:37:41,38.7333,-27.0667,290.24,88,40,4.5
425,Algeciras,ES,2022-03-31 21:33:04,36.1333,-5.4505,288.97,72,75,12.35
426,Abalak,RU,2022-03-31 21:37:42,58.1286,68.5944,261.49,99,88,1.41
427,Iquique,CL,2022-03-31 21:37:42,-20.2208,-70.1431,293.17,69,7,1.85
428,Ixtapa,MX,2022-03-31 21:37:42,20.7,-105.2,297.72,65,40,6.69
429,Cao Bang,VN,2022-03-31 21:37:43,22.6667,106.25,290.19,77,97,2.94
430,Harper,LR,2022-03-31 21:37:43,4.375,-7.7169,300.01,85,53,2.73
431,San Vicente,AR,2022-03-31 21:37:43,-26.6167,-54.1333,287.04,52,33,2.82
432,Tromso,NO,2022-03-31 21:34:57,69.6496,18.957,270.16,80,75,1.03
433,Harelbeke,BE,2022-03-31 21:34:58,50.8648,3.3108,275.88,91,98,2.24
434,Amapa,BR,2022-03-31 21:37:44,1.0,-52.0,295.18,99,100,0.85
435,Riviere-Au-Renard,CA,2022-03-31 21:37:44,48.9957,-64.3971,274.31,97,100,4.18
436,Salvador,SV,2022-03-31 21:33:03,13.8333,-88.9167,303.18,42,97,4.15
437,Fukue,JP,2022-03-31 21:37:45,32.6881,128.8419,285.47,67,100,13.15
438,Komsomolskiy,UZ,2022-03-31 21:37:45,40.4272,71.7189,283.55,66,4,3.09
439,Cozumel,MX,2022-03-31 21:37:45,20.5083,-86.9458,302.56,86,75,6.69
440,Korla,CN,2022-03-31 21:36:32,41.7597,86.1469,280.82,45,3,0.46
441,Deputatskiy,RU,2022-03-31 21:37:46,69.3,139.9,246.6,99,41,1.4
442,Deep River,CA,2022-03-31 21:37:46,46.1001,-77.4995,282.43,84,92,6.24
443,Krivosheino,RU,2022-03-31 21:37:46,57.3431,83.9261,274.63,86,100,6.9
444,Qaqortoq,GL,2022-03-31 21:37:47,60.7167,-46.0333,274.88,80,100,1.01
445,Ushtobe,KZ,2022-03-31 21:37:47,45.2514,77.9838,280.22,49,18,2.46
446,Kurilsk,RU,2022-03-31 21:37:47,45.2333,147.8833,270.0,63,98,3.18
447,Havre-Saint-Pierre,CA,2022-03-31 21:37:48,50.2334,-63.5986,276.35,60,0,1.54
448,Linqiong,CN,2022-03-31 21:37:48,30.4159,103.4609,284.05,88,100,1.78
449,College,US,2022-03-31 21:37:48,64.8569,-147.8028,269.86,30,20,5.66
450,Boundiali,CI,2022-03-31 21:37:48,9.5217,-6.4869,302.89,44,5,3.0
451,Sibolga,ID,2022-03-31 21:37:49,1.7427,98.7792,297.1,84,93,1.34
452,Salinas,US,2022-03-31 21:37:49,36.6777,-121.6555,292.86,66,0,5.14
453,Vikhorevka,RU,2022-03-31 21:37:49,56.1201,101.1636,276.92,96,100,5.28
454,Lac-Megantic,CA,2022-03-31 21:37:49,45.5834,-70.8823,277.88,98,100,2.93
455,Salekhard,RU,2022-03-31 21:34:09,66.53,66.6019,260.77,87,100,5.39
456,Tadine,NC,2022-03-31 21:37:50,-21.55,167.8833,300.24,85,35,5.4
457,Quesnel,CA,2022-03-31 21:37:50,52.9999,-122.5029,281.43,39,100,2.57
458,Maracacume,BR,2022-03-31 21:37:51,-2.0428,-45.9592,295.97,99,100,1.13
459,Hauterive,FR,2022-03-31 21:38:51,46.0901,3.4459,277.57,99,100,3.79
460,Wysokie Mazowieckie,PL,2022-03-31 21:34:20,52.9166,22.5171,274.07,45,100,7.32
461,Nampula,MZ,2022-03-31 21:36:15,-15.1165,39.2666,294.22,98,98,0.72
462,Flinders,AU,2022-03-31 21:38:52,-34.5833,150.8552,288.25,90,100,4.92
463,Makurdi,NG,2022-03-31 21:38:52,7.7411,8.5121,305.35,30,56,1.8
464,Dwarka,IN,2022-03-31 21:38:52,22.2394,68.9678,297.93,74,0,3.8
465,Buraydah,SA,2022-03-31 21:38:53,26.326,43.975,296.4,19,0,5.11
466,Port Lincoln,AU,2022-03-31 21:38:53,-34.7333,135.8667,289.13,66,15,9.56
467,Lahti,RU,2022-03-31 21:38:53,59.9911,30.1597,270.42,78,6,1.34
468,Swan Hill,AU,2022-03-31 21:38:53,-35.3378,143.5544,286.77,63,1,6.57
469,Oussouye,SN,2022-03-31 21:38:54,12.485,-16.5469,297.25,70,100,3.74
470,Blagoyevo,RU,2022-03-31 21:38:54,63.3667,47.9167,266.84,95,100,2.99
471,Biltine,TD,2022-03-31 21:38:54,14.5333,20.9167,300.82,7,13,3.65
472,Manaus,BR,2022-03-31 21:38:34,-3.1019,-60.025,301.42,74,40,3.6
473,Raga,SS,2022-03-31 21:38:55,8.4596,25.678,300.5,16,8,1.3
474,Bonavista,CA,2022-03-31 21:38:55,48.6499,-53.1147,273.42,84,90,9.93
475,Cuenca,EC,2022-03-31 21:38:56,-2.8833,-78.9833,291.22,68,75,4.12
476,Pierre,US,2022-03-31 21:38:56,44.3683,-100.351,279.74,50,0,1.54
477,Slovenska Bistrica,SI,2022-03-31 21:38:56,46.3928,15.5744,281.39,90,100,0.0
478,Srednekolymsk,RU,2022-03-31 21:38:56,67.45,153.6833,252.01,96,97,1.18
479,Kyren,RU,2022-03-31 21:38:57,51.6828,102.1408,265.92,77,29,0.92
480,Polunochnoye,RU,2022-03-31 21:38:57,60.8697,60.4153,262.17,89,7,2.48
481,Paso De Los Toros,UY,2022-03-31 21:38:57,-32.8167,-56.5167,287.68,54,95,2.69
482,Lata,PT,2022-03-31 21:38:57,40.1629,-8.3327,281.63,96,49,2.14
483,Diamantino,BR,2022-03-31 21:38:58,-14.4086,-56.4461,290.53,96,100,3.15
484,Basco,PH,2022-03-31 21:38:58,20.4487,121.9702,299.25,78,33,11.23
485,Oranjemund,NA,2022-03-31 21:38:58,-28.55,16.4333,288.25,89,4,6.2
486,Batagay,RU,2022-03-31 21:38:59,67.6333,134.6333,250.83,100,90,1.73
487,Bandar-E Anzali,IR,2022-03-31 21:38:59,37.4727,49.4622,285.21,69,0,1.23
488,Mimongo,GA,2022-03-31 21:38:59,-1.6195,11.6068,294.7,97,70,1.0
489,Chamonix-Mont-Blanc,FR,2022-03-31 21:38:59,45.9238,6.8693,277.39,94,100,0.89
490,Bosaso,SO,2022-03-31 21:36:27,11.2842,49.1816,299.33,78,2,1.86
491,Inawashiro,JP,2022-03-31 21:39:00,37.5667,140.1167,274.13,81,100,3.8
492,Aklavik,CA,2022-03-31 21:39:00,68.2191,-135.0107,250.15,54,20,3.6
493,Winslow,US,2022-03-31 21:39:01,35.0242,-110.6974,292.25,25,75,6.69
494,Trairi,BR,2022-03-31 21:39:01,-3.2778,-39.2689,297.25,87,100,2.51
495,Lugovoy,KZ,2022-03-31 21:39:01,42.9472,72.7644,280.77,43,4,2.14
496,Sueyoshi,JP,2022-03-31 21:39:02,31.65,131.0167,284.98,94,100,1.98
497,Aksu,CN,2022-03-31 21:39:02,41.1231,80.2644,283.22,41,98,2.93
498,Faya,SA,2022-03-31 21:39:02,18.3851,42.4509,289.44,20,0,2.37
499,Inhambane,MZ,2022-03-31 21:39:03,-23.865,35.3833,297.77,85,0,3.41
500,Dickinson,US,2022-03-31 21:39:03,29.4608,-95.0513,299.24,34,0,3.09
501,Greymouth,NZ,2022-03-31 21:39:04,-42.4667,171.2,291.86,60,100,4.36
502,Sinnamary,GF,2022-03-31 21:39:04,5.3833,-52.95,298.57,79,92,4.33
503,Vung Tau,VN,2022-03-31 21:39:04,10.346,107.0843,299.61,82,99,4.72
504,Sobolevo,RU,2022-03-31 21:39:05,54.4299,31.8996,271.39,95,100,4.27
505,Honningsvag,NO,2022-03-31 21:39:05,70.9821,25.9704,270.01,80,40,3.6
506,San Lucas,MX,2022-03-31 21:40:05,16.6,-92.7167,307.57,21,12,1.47
507,Puerto Colombia,CO,2022-03-31 21:40:06,10.9878,-74.9547,302.2,79,82,9.61
508,Paracelis,PH,2022-03-31 21:40:06,17.2667,121.4667,295.03,91,36,0.5
509,Doha,QA,2022-03-31 21:38:22,25.2867,51.5333,295.14,42,0,2.57
510,Olafsvik,IS,2022-03-31 21:40:07,64.8945,-23.7142,277.23,85,100,3.01
511,Tchollire,CM,2022-03-31 21:40:07,8.4022,14.1698,300.73,14,66,0.94
512,Chute-Aux-Outardes,CA,2022-03-31 21:40:07,49.1168,-68.399,273.14,80,100,6.17
513,Bhag,PK,2022-03-31 21:40:07,29.0415,67.8239,301.38,4,0,2.88
514,Alice Springs,AU,2022-03-31 21:40:08,-23.7,133.8833,282.9,66,2,2.57
515,Banon,ES,2022-03-31 21:40:08,40.8382,-1.1909,283.74,47,47,4.12
516,Purbalingga,ID,2022-03-31 21:40:08,-7.3881,109.3639,300.2,91,100,1.14
517,Norden,DE,2022-03-31 21:40:09,53.6,7.2,275.91,70,100,11.71
518,Fray Bentos,UY,2022-03-31 21:40:09,-33.1325,-58.2956,285.85,46,12,1.5
519,Namatanai,PG,2022-03-31 21:40:09,-3.6667,152.4333,301.27,75,89,3.66
520,Tahoua,NE,2022-03-31 21:40:10,14.8888,5.2692,300.32,4,3,3.3
521,Constitucion,CL,2022-03-31 21:40:10,-35.3333,-72.4167,289.51,60,0,7.07
522,Ishigaki,JP,2022-03-31 21:40:10,24.3448,124.1572,293.22,88,100,8.23
523,Acapulco,MX,2022-03-31 21:37:09,16.8634,-99.8901,301.05,57,0,5.14
524,Tatarasti,RO,2022-03-31 21:40:11,46.2167,27.2,287.84,56,100,5.68
525,Sibu,MY,2022-03-31 21:40:11,2.3,111.8167,296.32,94,20,1.03
526,Yulara,AU,2022-03-31 21:40:11,-25.2406,130.9889,288.06,44,59,3.09
527,Soyo,AO,2022-03-31 21:40:12,-6.1349,12.3689,299.4,91,100,5.84
528,Dauphin,CA,2022-03-31 21:40:12,51.1494,-100.0502,277.23,56,0,5.14
529,Bilma,NE,2022-03-31 21:40:12,18.6853,12.9164,298.12,4,8,3.0
530,Geraldton,AU,2022-03-31 21:40:12,-28.7667,114.6,296.38,78,100,5.14
531,Bodden Town,KY,2022-03-31 21:40:13,19.2833,-81.25,302.58,73,40,5.66
532,Tambovka,RU,2022-03-31 21:40:13,50.0969,128.0489,262.92,89,17,1.8
533,Sompeta,IN,2022-03-31 21:40:13,18.9333,84.6,298.91,93,9,5.65
534,Touros,BR,2022-03-31 21:40:14,-5.1989,-35.4608,300.54,78,100,5.77
535,Pozo Colorado,PY,2022-03-31 21:40:14,-23.4923,-58.7972,291.23,31,100,2.62
536,Erzin,TR,2022-03-31 21:40:14,36.9559,36.2,288.2,57,100,2.08
537,Shangzhi,CN,2022-03-31 21:40:15,45.2167,127.9667,271.05,46,0,2.37
538,Sosnovo,RU,2022-03-31 21:40:15,60.5514,30.2144,267.58,97,28,1.25
539,Winburg,ZA,2022-03-31 21:40:15,-28.518,27.0093,288.9,52,62,0.76
540,Carutapera,BR,2022-03-31 21:40:15,-1.195,-46.02,296.42,97,100,0.48
541,Pangnirtung,CA,2022-03-31 21:40:16,66.1451,-65.7125,267.15,93,100,1.54
542,Plouzane,FR,2022-03-31 21:39:26,48.3833,-4.6167,278.33,65,100,9.77
543,Impfondo,CG,2022-03-31 21:40:16,1.6381,18.0667,296.39,77,25,0.51
544,Mantua,IT,2022-03-31 21:40:00,45.1667,10.7833,284.73,87,95,0.89
545,Broken Hill,AU,2022-03-31 21:40:17,-31.95,141.4333,284.99,71,0,5.66
546,Axim,GH,2022-03-31 21:40:17,4.8699,-2.2405,299.61,82,100,2.55
547,Hamilton,US,2022-03-31 21:40:18,39.1834,-84.5333,280.2,75,100,6.17
548,Salamiyah,SY,2022-03-31 21:40:18,35.0113,37.0532,288.5,39,95,3.14
549,Mahibadhoo,MV,2022-03-31 21:40:18,3.7833,72.9667,301.23,71,15,1.45
550,Ngaoundere,CM,2022-03-31 21:40:18,7.3167,13.5833,296.44,18,55,0.87
551,Kulhudhuffushi,MV,2022-03-31 21:40:19,6.6221,73.07,301.6,72,83,1.8
552,Fonte Boa,BR,2022-03-31 21:40:19,-2.4959,-66.2662,298.5,94,100,1.32
553,Malacacheta,BR,2022-03-31 21:41:19,-17.8422,-42.0767,294.19,74,1,1.0
554,Bristol,US,2022-03-31 21:37:16,41.8334,-71.1662,291.9,85,100,6.69
555,Marsaxlokk,MT,2022-03-31 21:41:20,35.8419,14.5431,288.75,88,0,3.09
556,Saint-Augustin,CA,2022-03-31 21:41:20,51.226,-58.6502,273.09,88,10,3.16
557,Algiers,DZ,2022-03-31 21:41:20,36.7525,3.042,287.05,77,40,4.12
558,Rio Frio,MX,2022-03-31 21:41:21,19.35,-98.6667,297.17,10,54,3.67
559,Nanakuli,US,2022-03-31 21:41:21,21.3906,-158.1547,302.12,56,20,5.66
